{
  "metadata": {
    "description": "Demo transactions for live prediction testing",
    "source": "creditcard.csv",
    "total_examples": 9
  },
  "examples": [
    {
      "transaction_id": "demo_HIGH_541",
      "amount": 0.0,
      "time_elapsed": 406.0,
      "v_features": [
        -2.3122265423263,
        1.95199201064158,
        -1.60985073229769,
        3.9979055875468,
        -0.522187864667764,
        -1.42654531920595,
        -2.53738730624579,
        1.39165724829804,
        -2.77008927719433,
        -2.77227214465915,
        3.20203320709635,
        -2.89990738849473,
        -0.595221881324605,
        -4.28925378244217,
        0.389724120274487,
        -1.14074717980657,
        -2.83005567450437,
        -0.0168224681808257,
        0.416955705037907,
        0.126910559061474,
        0.517232370861764,
        -0.0350493686052974,
        -0.465211076182388,
        0.320198198514526,
        0.0445191674731724,
        0.177839798284401,
        0.261145002567677,
        -0.143275874698919
      ],
      "features": [
        -2.3122265423263,
        1.95199201064158,
        -1.60985073229769,
        3.9979055875468,
        -0.522187864667764,
        -1.42654531920595,
        -2.53738730624579,
        1.39165724829804,
        -2.77008927719433,
        -2.77227214465915,
        3.20203320709635,
        -2.89990738849473,
        -0.595221881324605,
        -4.28925378244217,
        0.389724120274487,
        -1.14074717980657,
        -2.83005567450437,
        -0.0168224681808257,
        0.416955705037907,
        0.126910559061474,
        0.517232370861764,
        -0.0350493686052974,
        -0.465211076182388,
        0.320198198514526,
        0.0445191674731724,
        0.177839798284401,
        0.261145002567677,
        -0.143275874698919,
        0.0,
        0.029520863683261497,
        0.9995641643273303
      ],
      "risk_level": "HIGH",
      "computed_features": {
        "amount_scaled": 0.0,
        "hour_sin": 0.029520863683261497,
        "hour_cos": 0.9995641643273303
      }
    },
    {
      "transaction_id": "demo_HIGH_623",
      "amount": 529.0,
      "time_elapsed": 472.0,
      "v_features": [
        -3.0435406239976,
        -3.15730712090228,
        1.08846277997285,
        2.2886436183814,
        1.35980512966107,
        -1.06482252298131,
        0.325574266158614,
        -0.0677936531906277,
        -0.270952836226548,
        -0.838586564582682,
        -0.414575448285725,
        -0.503140859566824,
        0.676501544635863,
        -1.69202893305906,
        2.00063483909015,
        0.666779695901966,
        0.599717413841732,
        1.72532100745514,
        0.283344830149495,
        2.10233879259444,
        0.661695924845707,
        0.435477208966341,
        1.37596574254306,
        -0.293803152734021,
        0.279798031841214,
        -0.145361714815161,
        -0.252773122530705,
        0.0357642251788156
      ],
      "features": [
        -3.0435406239976,
        -3.15730712090228,
        1.08846277997285,
        2.2886436183814,
        1.35980512966107,
        -1.06482252298131,
        0.325574266158614,
        -0.0677936531906277,
        -0.270952836226548,
        -0.838586564582682,
        -0.414575448285725,
        -0.503140859566824,
        0.676501544635863,
        -1.69202893305906,
        2.00063483909015,
        0.666779695901966,
        0.599717413841732,
        1.72532100745514,
        0.283344830149495,
        2.10233879259444,
        0.661695924845707,
        0.435477208966341,
        1.37596574254306,
        -0.293803152734021,
        0.279798031841214,
        -0.145361714815161,
        -0.252773122530705,
        0.0357642251788156,
        6.272877006546167,
        0.034318068814334315,
        0.999410961593305
      ],
      "risk_level": "HIGH",
      "computed_features": {
        "amount_scaled": 6.272877006546167,
        "hour_sin": 0.034318068814334315,
        "hour_cos": 0.999410961593305
      }
    },
    {
      "transaction_id": "demo_HIGH_4920",
      "amount": 239.93,
      "time_elapsed": 4462.0,
      "v_features": [
        -2.30334956758553,
        1.759247460267,
        -0.359744743330052,
        2.33024305053917,
        -0.821628328375422,
        -0.0757875706194599,
        0.562319782266954,
        -0.399146578487216,
        -0.238253367661746,
        -1.52541162656194,
        2.03291215755072,
        -6.56012429505962,
        0.0229373234890961,
        -1.47010153611197,
        -0.698826068579047,
        -2.28219382856251,
        -4.78183085597533,
        -2.61566494476124,
        -1.33444106667307,
        -0.430021867171611,
        -0.294166317554753,
        -0.932391057274991,
        0.172726295799422,
        -0.0873295379700724,
        -0.156114264651172,
        -0.542627889040196,
        0.0395659889264757,
        -0.153028796529788
      ],
      "features": [
        -2.30334956758553,
        1.759247460267,
        -0.359744743330052,
        2.33024305053917,
        -0.821628328375422,
        -0.0757875706194599,
        0.562319782266954,
        -0.399146578487216,
        -0.238253367661746,
        -1.52541162656194,
        2.03291215755072,
        -6.56012429505962,
        0.0229373234890961,
        -1.47010153611197,
        -0.698826068579047,
        -2.28219382856251,
        -4.78183085597533,
        -2.61566494476124,
        -1.33444106667307,
        -0.430021867171611,
        -0.294166317554753,
        -0.932391057274991,
        0.172726295799422,
        -0.0873295379700724,
        -0.156114264651172,
        -0.542627889040196,
        0.0395659889264757,
        -0.153028796529788,
        5.48450643486848,
        0.3188214585974165,
        0.9478147907359411
      ],
      "risk_level": "HIGH",
      "computed_features": {
        "amount_scaled": 5.48450643486848,
        "hour_sin": 0.3188214585974165,
        "hour_cos": 0.9478147907359411
      }
    },
    {
      "transaction_id": "demo_MEDIUM_3",
      "amount": 123.5,
      "time_elapsed": 1.0,
      "v_features": [
        -0.966271711572087,
        -0.185226008082898,
        1.79299333957872,
        -0.863291275036453,
        -0.0103088796030823,
        1.24720316752486,
        0.23760893977178,
        0.377435874652262,
        -1.38702406270197,
        -0.0549519224713749,
        -0.226487263835401,
        0.178228225877303,
        0.507756869957169,
        -0.28792374549456,
        -0.631418117709045,
        -1.0596472454325,
        -0.684092786345479,
        1.96577500349538,
        -1.2326219700892,
        -0.208037781160366,
        -0.108300452035545,
        0.0052735967825345,
        -0.190320518742841,
        -1.17557533186321,
        0.647376034602038,
        -0.221928844458407,
        0.0627228487293033,
        0.0614576285006353
      ],
      "features": [
        -0.966271711572087,
        -0.185226008082898,
        1.79299333957872,
        -0.863291275036453,
        -0.0103088796030823,
        1.24720316752486,
        0.23760893977178,
        0.377435874652262,
        -1.38702406270197,
        -0.0549519224713749,
        -0.226487263835401,
        0.178228225877303,
        0.507756869957169,
        -0.28792374549456,
        -0.631418117709045,
        -1.0596472454325,
        -0.684092786345479,
        1.96577500349538,
        -1.2326219700892,
        -0.208037781160366,
        -0.108300452035545,
        0.0052735967825345,
        -0.190320518742841,
        -1.17557533186321,
        0.647376034602038,
        -0.221928844458407,
        0.0627228487293033,
        0.0614576285006353,
        4.824305715904762,
        7.272205210233201e-05,
        0.9999999973557515
      ],
      "risk_level": "MEDIUM",
      "computed_features": {
        "amount_scaled": 4.824305715904762,
        "hour_sin": 7.272205210233201e-05,